marca,modelo,año,precio,transmisión,rendimiento,combustible,litros
 Mazda , Mazda 3 ,2018," 330,999 ",Automático,9.8,,2.5
 Volkswagen , Jetta A7 ,2019," 415,999 ",Automático,15.9,,1.4
 Renault , Koleos ,2017," 338,999 ",Automático,13.2,,2.5
 Bmw , I3 ,2017," 620,999 ",Automático,Híbrido,,"0,6"
 Toyota , RAV4 ,2018," 401,999 ",Automático,13.9,,2.5
 Nissan , Versa ,2018," 225,999 ",Automático,18.2,,1.6
 Renault , Duster ,2018," 228,999 ",Manual,14.9,,2
 Nissan , Pathfinder ,2018," 533,999 ",Automático,11,,3.5
 Chevrolet , Sonic ,2017," 212,999 ",Automático,13.3,,1.6
 Suzuki , Swift ,2016," 242,999 ",Manual,19.6,,1.6
 Infiniti , Q50 ,2017," 433,999 ",Automático,15.4,,3.5
 Buick , Encore ,2016," 286,999 ",Automático,13.2,,1.4
 Jeep , Grand Cherokee ,2016," 477,999 ",Automático,9.2,,3.6
 Toyota , Prius ,2017," 354,999 ",Automático,31.3,,1.8
 Renault , Duster ,2018," 224,999 ",Manual,14.9,,2
 Nissan , NP300 Frontier ,2020," 547,999 ",Manual,9.8,,2.4
 Honda , CR-V ,2015," 295,999 ",Automático,9.7,,2.4
 Nissan , Kicks ,2017," 268,999 ",Automático,16.9,,1.6
 Seat , Arona ,2021," 410,999 ",Automático,14.3,,1.6
 Bmw , Serie 4 ,2019," 601,999 ",Automático,12.8,,2
 Land Rover , Range Rover ,2017," 1,609,999 ",Automático,5.5,,5
 Nissan , Pathfinder ,2019," 610,999 ",Automático,11,,3.5
 Audi , A6 ,2019," 996,999 ",Automático,10.9,Híbrido,3
 Toyota , Yaris ,2017," 223,999 ",Automático,17.2,,1.5
 Nissan , Versa ,2018," 253,999 ",Automático,18.5,,1.6
 Audi , A6 ,2016," 477,999 ",Automático,11.4,,2
 Mazda , Mazda 3 ,2018," 312,999 ",Manual,15.4,,2.5
 Mini , Cooper ,2018," 399,999 ",Automático,17.5,,1.5
 Hyundai , Tucson ,2018," 397,999 ",Automático,14.5,,2
 Nissan , Pathfinder ,2015," 341,999 ",Automático,11,,3.5
 Peugeot , 3008 ,2016," 261,999 ",Automático,9.3,,1.6
 Jeep , Grand Cherokee ,2017," 571,999 ",Automático,9.2,,3.6
 Nissan , March ,2020," 260,999 ",Manual,16.1,,1.6
 Toyota , C-Hr ,2018," 385,999 ",Automático,14.3,,2
 Renault , Duster ,2018," 238,999 ",Automático,12.3,,2
 Seat , Ibiza ,2019," 286,999 ",Manual,15.9,,1.6
 Mitsubishi , Mirage ,2019," 231,999 ",Manual,21.3,,1.2
 Renault , Duster ,2017," 234,999 ",Manual,14.7,,2
 Mercedes Benz , Clase C ,2018," 493,999 ",Automático,13.5,,1.6
 Toyota , Prius ,2017," 320,999 ",Automático,31.3,,"1,8"
 Toyota , Highlander ,2016," 438,999 ",Automático,9.9,,3.5
 Mazda , Cx-3 ,2018," 321,999 ",Automático,15.4,,2
 Dodge , Attitude ,2019," 210,999 ",Manual,20.4,,1.2
 Honda , CR-V ,2016," 316,999 ",Automático,9.7,,2.4
 Toyota , Corolla ,2020," 335,999 ",Automático,15.9,,1.8
 Hyundai , Sonata ,2018," 336,999 ",Automático,13.3,,2.4
 Kia , Forte ,2018," 285,999 ",Manual,14.1,,2
 Kia , Rio ,2018," 252,999 ",Manual,15.6,,1.6
 Mazda , Cx-3 ,2019," 345,999 ",Automático,14.9,,2
 Volkswagen , Jetta A6 ,2017," 272,999 ",Manual,11.6,,2.5
 Renault , Stepway ,2019," 245,999 ",Manual,15.2,,1.6
 Volkswagen , Golf A7 ,2016," 299,999 ",Automático,17.2,,1.4
 Kia , Rio ,2018," 247,999 ",Automático,15.6,,1.6
 Ford , Escape ,2015," 258,999 ",Automático,9.8,,2.5
 Toyota , Sienna ,2017," 510,999 ",Automático,9.6,,3.5
 Chrysler , Pacifica ,2017," 546,999 ",Automático,7.6,,3.6
 Chevrolet , Sonic ,2017," 203,999 ",Manual,14.7,,1.6
 Honda , Accord ,2015," 269,999 ",Automático,9.9,,2.4
 Chevrolet , Trax ,2019," 318,999 ",Automático,15.2,,1.8
 Smart , Forfour ,2018," 305,999 ",Automático,19.2,,1
 Ford , Fiesta ,2017," 244,999 ",Automático,16.1,,1.6
 Nissan , Pathfinder ,2016," 314,999 ",Automático,11,,3.5
 Kia , Rio ,2018," 235,999 ",Manual,15.6,15.6,
 Chevrolet , Trax ,2016," 226,999 ",Manual,16.9,,1.8
 Fiat , 500 ,2015," 282,999 ",Automático,11,,1.4
 Volkswagen , Jetta A6 ,2017," 247,999 ",Manual,12.3,,2
 Kia , Soul ,2019," 359,999 ",Automático,13.2,,2
 Volkswagen , Vento ,2018," 242,999 ",Manual,13.9,,1.6
 Volkswagen , Tiguan ,2018," 435,999 ",Automático,14.9,,1.4
 Kia , Sportage ,2016," 336,999 ",Automático,12.3,,2.4
 Nissan , Sentra ,2017," 228,999 ",Automático,17.2,,1.8
 Mazda , CX-5 ,2015," 301,999 ",Automático,14.7,,2
 Chevrolet , Equinox ,2019," 449,999 ",Automático,9.3,,1.5
 Lincoln , MKZ ,2018," 510,999 ",Automático,26.3,,2
 Dodge , Journey ,2016," 259,999 ",Automático,8.1,,2.4
 Suzuki , Ciaz ,2019," 278,999 ",Manual,17.2,,"1,4"
 Renault , Duster ,2018," 232,999 ",Manual,14.9,,2
 Buick , Enclave ,2017," 438,999 ",Automático,9.3,,3.6
 Mercedes Benz , Clase C ,2017," 991,999 ",Automático,9.1,,4
 Kia , Forte ,2016," 223,999 ",Manual,15.9,,2
 Volkswagen , Vento ,2019," 246,999 ",Manual,14.3,,1.6
 Chevrolet , Equinox ,2018," 400,999 ",Automático,9.3,,1.5
 Fiat , Uno ,2020," 248,999 ",Manual,11.9,,1.3
 Dodge , Neon ,2018," 232,999 ",Automático,13.3,,1.6
 Ford , Figo ,2018," 194,999 ",Manual,17.9,,1.5
 Ford , Figo ,2020," 254,999 ",Manual,17.9,,1.5
 Chevrolet , Cavalier ,2018," 249,999 ",Automático,16.7,,1.5
 Audi , Rs Q3 ,2018," 773,999 ",Automático,8.3,,3
 Chevrolet , Trax ,2017," 239,999 ",Manual,16.9,,1.8
 Dodge , Neon ,2018," 251,999 ",Automático,13.3,,1.6
 Toyota , RAV4 ,2017," 369,999 ",Automático,11.9,,2.5
 Bmw , Serie 3 ,2018," 494,999 ",Automático,12.8,,2
 Kia , Sorento ,2016," 318,999 ",Automático,12.8,,2.4
 Audi , A1 ,2017," 332,999 ",Manual,15.6,,1.4
 Nissan , Altima ,2017," 308,999 ",Automático,9.4,,3.5
 Toyota , Corolla ,2020," 332,999 ",Automático,15.9,,1.8
 Kia , Forte ,2018," 276,999 ",Manual,13.2,,2
 Renault , Duster ,2018," 232,999 ",Manual,14.9,,2
 Suzuki , Vitara ,2019," 354,999 ",Automático,16.1,,1.6
 Fiat , Uno ,2020," 251,999 ",Manual,11.9,,1.3
 Bmw , Serie 3 ,2015," 333,999 ",Automático,12.8,,2
 Buick , Regal ,2017," 359,999 ",Automático,9.6,,2
 Mini , Cooper ,2016," 269,999 ",Manual,17.5,,1.5
 Chevrolet , Sonic ,2017," 204,999 ",Manual,14.7,,1.6
 Kia , Rio ,2019," 270,999 ",Automático,15.6,,1.6
 Volkswagen , Jetta A7 ,2019," 338,999 ",Manual,17.2,,1.4
 Ford , Escape ,2017," 329,999 ",Automático,9.8,,2.5
 Volkswagen , Beetle ,2016," 262,999 ",Manual,11.4,,2.5
 Ford , Figo ,2018," 190,999 ",Manual,17.9,,1.5
 Seat , Ibiza ,2019," 292,999 ",Manual,15.9,,1.6
 Mini , John Cooper Works ,2017," 459,999 ",Automático,11.1,,2
 Jeep , Grand Cherokee ,2012," 383,999 ",Automático,6.3,,5.7
 Nissan , Versa ,2019," 237,999 ",Manual,16.4,,1.6
 Honda , Civic ,2019," 377,999 ",Manual,14.5,,2
 Nissan , March ,2019," 237,999 ",Manual,16.1,,1.6
 Jaguar , XE ,2016," 500,999 ",Automático,11.2,,2
 Mercedes Benz , Clase C ,2017," 440,999 ",Automático,9.9,,2
 Mini , Countryman ,2018," 572,999 ",Automático,17.5,,1.5
 Audi , Q3 Quattro ,2014," 343,999 ",Automático,12.5,,2
 Chevrolet , Sonic ,2017," 206,999 ",Manual,14.7,,1.6
 Seat , Toledo ,2018," 264,999 ",Manual,19.2,,1
 Dodge , Attitude ,2020," 244,999 ",Manual,20.4,,1.2
 Mazda , Mazda 2 ,2019," 259,999 ",Manual,18.5,,1.5
 Volkswagen , Passat ,2015," 249,999 ",Automático,11.5,,2.5
 Bmw , Serie 2 ,2017," 363,999 ",Automático,13.2,,2
 Mazda , CX-5 ,2016," 298,999 ",Automático,14.5,,2
 Nissan , Altima ,2017," 318,999 ",Automático,9.4,,3.5
 Honda , City ,2017," 248,999 ",Automático,18.2,,1.5
 Dodge , Attitude ,2020," 227,999 ",Manual,20.4,,1.2
 Seat , Ibiza ,2019," 284,999 ",Manual,15.9,,1.6
 Ford , Figo ,2018," 195,999 ",Manual,17.9,,1.5
 Volkswagen , Beetle ,2018," 408,999 ",Automático,11.2,,2.5
 Audi , A1 Sportback ,2017," 326,999 ",Manual,15.6,,1.4
 Audi , A5 Sportback ,2016," 444,999 ",Automático,11.9,,1.8
 Mazda , Mazda 3 ,2018," 333,999 ",Automático,9.8,,2.5
 Volkswagen , Jetta A7 ,2019," 418,999 ",Automático,15.9,,1.4
 Seat , Ibiza ,2019," 289,999 ",Manual,15.9,,1.6
 Infiniti , Q70 ,2016," 523,999 ",Automático,8.6,,5.6
 Honda , CR-V ,2016," 314,999 ",Automático,9.7,,2.4
 Mini , Cooper S ,2018," 439,999 ",Automático,13.3,,2
 Bmw , X3 ,2017," 511,999 ",Automático,7.8,,3
 Kia , Sorento ,2016," 310,999 ",Automático,12.8,,2.4
 Hyundai , Grand i10 ,2020," 256,999 ",Manual,16.9,,1.2
 Mazda , CX-5 ,2016," 307,999 ",Automático,14.5,,2
 Acura , RDX ,2016," 375,999 ",Automático,8.2,,2.5
 Nissan , X Trail ,2018," 363,999 ",Automático,13.2,,2.5
 Volkswagen , Beetle ,2018," 392,999 ",Automático,11.6,,2.5
 Jaguar , XE ,2016," 533,999 ",Automático,11.2,,2
 Mini , Cooper ,2018," 364,999 ",Automático,17.5,,1.5
 Mini , Cooper ,2019," 393,999 ",Manual,17.5,,1.5
 Audi , A7 ,2016," 634,999 ",Automático,10.5,,3
 Mazda , Mazda 3 ,2018," 318,999 ",Manual,8.9,,2.5
 Acura , RDX ,2019," 631,999 ",Automático,10.8,,2
 Land Rover , Range Rover Sport ,2013," 483,999 ",Automático,5.1,,5
 Chevrolet , Trax ,2018," 284,999 ",Automático,15.2,,1.8
 Kia , Sorento ,2017," 339,999 ",Automático,12.8,,2.4
 Audi , A7 Sportback Quattro ,2014," 448,999 ",Automático,10.5,,3
 Nissan , Sentra ,2018," 252,999 ",Automático,17.2,,1.8
 Fiat , Uno ,2020," 253,999 ",Manual,11.9,,1.3
 Volkswagen , Jetta A7 ,2019," 407,999 ",Automático,15.9,,1.4
 Chevrolet , Sonic ,2017," 201,999 ",Manual,14.5,,1.6
 Audi , S6 ,2016," 759,999 ",Automático,9.3,Gasolina,4
 Honda , Odyssey ,2015," 334,999 ",Automático,6.7,,3.5
 Mazda , CX-5 ,2016," 302,999 ",Automático,14.5,,2
 Volkswagen , Beetle ,2018," 404,999 ",Manual,11.4,,2.5
 Ford , Escape ,2018," 327,999 ",Automático,9.8,,2.5
 Honda , CR-V ,2018," 408,999 ",Automático,9.7,,2.4
 Volkswagen , Tiguan ,2018," 438,999 ",Automático,14.9,,1.4
 Volkswagen , Tiguan ,2018," 454,999 ",Automático,14.9,,1.4
 Nissan , Sentra ,2019," 298,999 ",Automático,17.2,,1.8
 Gmc , Terrain ,2014," 292,999 ",Automático,9,,3.6
 Renault , Duster ,2018," 223,999 ",Manual,14.9,,2
 Kia , Sportage ,2019," 414,999 ",Automático,12.7,,
 Fiat , 500 ,2015," 198,999 ",Manual,15.9,,
 Hyundai , Elantra ,2018," 333,999 ",Automático,17.5,,2
 Toyota , RAV4 ,2017," 401,999 ",Automático,13.9,,2.5
 Chevrolet , Cavalier ,2018," 242,999 ",Automático,16.7,,1.5
 Mitsubishi , Outlander ,2018," 363,999 ",Automático,13.3,,2.4
 Suzuki , Vitara ,2017," 286,999 ",Automático,15.6,,1.4
 Jaguar , F-Pace ,2017," 729,999 ",Automático,7.9,Gasolina,3
 Volkswagen , Vento ,2017," 207,999 ",Automático,14.3,Gasolina,1.6
 Bmw , Serie 1 ,2019," 503,999 ",Automático,13.3,Gasolina,2
 Nissan , Versa ,2020," 308,999 ",Manual,16.4,Gasolina,1.6
 Dodge , Durango ,2018," 695,999 ",Automático,6.5,Gasolina,5.7
 Mazda , CX-5 ,2019," 492,999 ",Automático,10,Gasolina,2.5
 Chevrolet , Aveo ,2019," 220,999 ",Automático,16.7,Gasolina,1.6
 Nissan , Versa ,2019," 236,999 ",Manual,16.4,Gasolina,1.6
 Volkswagen , GTI Golf A7 ,2020," 618,999 ",Automático,14.5,Gasolina,2
 Kia , Rio ,2020," 297,999 ",Automático,15.6,Gasolina,1.6
 Chevrolet , Spark ,2019," 232,999 ",Manual,18.9,Gasolina,1.4
 Audi , A4 ,2019," 563,999 ",Automático,15.4,Gasolina,2
 Nissan , Versa ,2019," 261,999 ",Automático,18.2,Gasolina,1.6
 Chevrolet , Sonic ,2017," 198,999 ",Manual,14.7,,1.6
 Toyota , Sienna ,2012," 336,999 ",Automático,9.6,,3.5
 Renault , Duster ,2017," 231,999 ",Automático,12.7,,2
 Toyota , Yaris ,2017," 217,999 ",Automático,17.2,,1.5
 Bmw , Serie 1 ,2016," 309,999 ",Automático,13.3,,1.6
 Ford , Figo ,2017," 161,999 ",Manual,16.7,,1.5
 Suzuki , Swift ,2019," 287,999 ",Manual,14.7,,1.4
 Volkswagen , Gol ,2018," 198,999 ",Manual,14.9,,1.6
 Kia , Sportage ,2016," 313,999 ",Automático,12.7,,2
 Bmw , Serie 3 ,2018," 484,999 ",Automático,12.8,,2
 Audi , S4 ,2017," 681,999 ",Automático,9.1,,3
 Chevrolet , Cavalier ,2018," 239,999 ",Automático,16.7,,1.5
 Nissan , Sentra ,2017," 282,999 ",Manual,13.3,,1.6
 Kia , Rio ,2018," 226,999 ",Manual,15.6,,
 Ford , Ranger ,2020," 563,999 ",Manual,9.5,,
 Mercedes Benz , Clase Glb ,2020," 883,999 ",Automático,12.7,,
 Buick , Encore ,2019," 372,999 ",Automático,13.2,,
 Volvo , V40 ,2016," 314,999 ",Automático,15.4,,
 Nissan , March ,2018," 198,999 ",Automático,15.2,,
 Renault , Duster ,2015," 196,999 ",Automático,11.9,,
 Volkswagen , Tiguan ,2020," 642,999 ",Automático,12,,
 Fiat , Uno ,2017," 180,999 ",Manual,14.7,,
 Seat , Arona ,2018," 328,999 ",Automático,14.3,,
 Hyundai , Accent ,2018," 229,999 ",Manual,15.2,,
 Bmw , Serie 3 ,2015," 318,999 ",Automático,12.8,,
 Mercedes Benz , Clase Cla ,2020," 754,999 ",Automático,15.4,,
 Baic , X35 ,2022," 387,999 ",Automático,6.6,,
 Nissan , Kicks ,2017," 287,999 ",Automático,17.5,,
 Mini , Cooper S ,2019," 469,999 ",Automático,13.3,,
 Chevrolet , Spark ,2016," 197,999 ",Manual,18.5,,
 Toyota , Prius ,2020," 459,999 ",Automático,31.3,Híbrido,1.8
 Volkswagen , Jetta A6 ,2016," 236,999 ",Automático,11.8,Gasolina,2.5
 Volkswagen , Vento ,2017," 201,999 ",Manual,14.3,Gasolina,1.6
 Ford , Fiesta ,2018," 229,999 ",Manual,16.1,Gasolina,1.6
 Mitsubishi , Mirage ,2019," 212,999 ",Automático,20.8,Gasolina,1.2
 Honda , Civic ,2018," 353,999 ",Automático,16.7,Gasolina,2
 Honda , Civic ,2014," 243,999 ",Automático,10.5,Gasolina,1.8
 Kia , Forte ,2018," 250,999 ",Manual,15.9,Gasolina,2
 Volkswagen , Gol ,2018," 213,999 ",Manual,17.9,Gasolina,1.6
 Mazda , Mazda 2 ,2021," 326,999 ",Automático,18.5,Gasolina,1.5
 Nissan , March ,2019," 260,999 ",Automático,15.2,Gasolina,1.6
 Chevrolet , Aveo ,2018," 202,999 ",Manual,17.5,Gasolina,1.6
 Nissan , Versa ,2019," 255,999 ",Automático,18.2,Gasolina,1.6
 Fiat , 500 ,2013," 175,999 ",Manual,15.9,Gasolina,1.4
 Mazda , Mazda 3 ,2020," 410,999 ",Automático,9.8,Gasolina,2.5
 Hyundai , Tucson ,2019," 384,999 ",Automático,14.5,Gasolina,2
 Suzuki , Vitara ,2016," 299,999 ",Automático,15.6,Gasolina,1.6
 Nissan , Versa ,2019," 238,999 ",Automático,18.2,Gasolina,1.6
 Volkswagen , Vento ,2017," 212,999 ",Manual,13.9,Gasolina,1.6
 Volkswagen , Vento ,2020," 239,999 ",Automático,14.3,Gasolina,1.6
 Chevrolet , Trax ,2018," 280,999 ",Manual,16.9,Gasolina,1.8
 Volkswagen , Jetta A6 ,2018," 275,999 ",Automático,12.7,Gasolina,2
 Kia , Rio ,2018," 251,999 ",Automático,15.6,Gasolina,1.6
 Ford , Ranger ,2020," 727,999 ",Automático,7.2,Diesel,3.2
 Nissan , Sentra ,2019," 299,999 ",Automático,17.2,Gasolina,1.8
 Ford , Explorer ,2013,,Automático,9.3,,4
 Mercedes Benz , Clase E ,2014," 345,999 ",Automático,12,,1.8
 Volvo , XC60 ,2012," 213,999 ",Automático,6.7,,2
 Mercedes Benz , Clase C ,2016," 348,999 ",Automático,13.5,,1.6
 Nissan , X Trail ,2016," 285,999 ",Automático,13.2,,2.5
 Mazda , CX-9 ,2015," 329,999 ",Automático,9.3,,3.7
 Jeep , Grand Cherokee ,2012," 289,999 ",Automático,9.2,,3.6
 Volvo , Xc90 ,2017," 831,999 ",Automático,12.7,,2
 Mazda , Cx-3 ,2017," 309,999 ",Automático,15.4,,2
 Lincoln , MKX ,2016," 440,999 ",Automático,10.6,,2.7
 Ford , Eco Sport ,2018," 291,999 ",Automático,9.6,,2
 Jeep , Grand Cherokee ,2015," 540,999 ",Automático,7,,5.7
 Chevrolet , Sonic ,2015,,Automático,13,,1.6
 Chevrolet , Sonic ,2017," 201,999 ",Manual,14.7,,1.6
 Ford , Escape ,2017," 301,999 ",Automático,9.8,,2.5
 Ford , Eco Sport ,2015," 253,999 ",Automático,12.5,,2
 Nissan , Kicks ,2018," 293,999 ",Automático,5.9,,
 Mazda , CX-5 ,2019," 489,999 ",Automático,10,,
 Renault , Kwid ,2020," 200,999 ",Manual,17.5,,
 Bmw , Serie 2 ,2020,,Automático,13.2,,
 Renault , Duster ,2018," 243,999 ",Automático,12.3,,
 Dodge , Attitude ,2018," 192,999 ",Automático,20.4,,
 Ford , Escape ,2014," 228,999 ",Automático,10.2,,
 Kia , Rio ,2020," 348,999 ",Automático,6.4,,
 Chevrolet , Sonic ,2016," 173,999 ",Manual,14.7,,
 Chevrolet , Aveo ,2016," 175,999 ",Automático,13.3,,
 Mazda , CX-5 ,2021," 533,999 ",Automático,10,,
 Ford , Figo ,2017," 179,999 ",Automático,17.2,,
 Hyundai , Creta ,2020," 331,999 ",Manual,14.7,,
 Mitsubishi , Mirage ,2018," 224,999 ",Automático,20.8,,
 Audi , A3 ,2018," 404,999 ",Automático,11,,
 Nissan , Kicks ,2017," 281,999 ",Automático,16.9,,
 Ford , Fiesta ,2016," 197,999 ",Automático,16.1,,
 Volkswagen , Jetta A6 ,2017," 249,999 ",Automático,12.7,Gasolina,2
 Gmc , Terrain ,2014," 291,999 ",Automático,9,Gasolina,3.6
 Audi , A1 ,2014," 255,999 ",Automático,15.6,Gasolina,1.4
 Kia , Rio ,2019," 316,999 ",Automático,15.6,Gasolina,1.6
 Buick , Envision ,2016," 352,999 ",Automático,12.7,Gasolina,2
 Audi , Q3 Quattro ,2013," 325,999 ",Automático,12.7,Gasolina,2
 Bmw , X3 ,2019," 769,999 ",Automático,7.8,Gasolina,2
 Nissan , Kicks ,2020," 333,999 ",Manual,15.9,Gasolina,1.6
 Mazda , Mazda 3 ,2018," 334,999 ",Automático,9.8,Gasolina,2.5
 Chevrolet , Cruze ,2019," 350,999 ",Automático,17.2,Gasolina,1.4
 Seat , Leon ,2020," 538,999 ",Automático,12.3,Gasolina,2
 Mazda , Mazda 3 ,2017," 292,999 ",Automático,9.8,Gasolina,2.5
 Renault , Duster ,2018," 244,999 ",Automático,12.3,Gasolina,2
 Nissan , X Trail ,2020," 549,999 ",Automático,12.7,Gasolina,2.5
 Bmw , Serie 4 ,2020," 791,999 ",Automático,14.5,Gasolina,2
 Nissan , X Trail ,2017," 338,999 ",Automático,13.2,Gasolina,2.5
 Seat , Ibiza ,2020," 314,999 ",Manual,15.9,Gasolina,1.6
 Kia , Rio ,2021," 300,999 ",Manual,15.6,Gasolina,1.6
 Nissan , Sentra ,2020," 416,999 ",Manual,Gasolina,,2
 Mercedes Benz , Clase Gla ,2016," 402,999 ",Automático,13.5,,
 Nissan , X Trail ,2017," 309,999 ",Automático,13.2,Gasolina,2.5
 Kia , Sportage ,2017," 342,999 ",Automático,12.7,Gasolina,2
 Mercedes Benz , Clase E ,2014," 591,999 ",Automático,6.7,Gasolina,5.5
 Volkswagen , Crossfox ,2017," 244,999 ",Manual,14.1,Gasolina,1.6
 Mercedes Benz , Clase Gla ,2017," 422,999 ",Automático,13.5,Gasolina,1.6
 Chevrolet , Equinox ,2017," 286,999 ",Automático,9.3,Gasolina,2.4
 Volvo , S60 ,2012," 193,999 ",Automático,9.9,,
 Volkswagen , Vento ,2020," 266,999 ",Automático,14.3,,
 Volkswagen , Jetta A6 ,2016," 256,999 ",Automático,11.8,,
 Buick , Encore ,2014," 245,999 ",Automático,13.2,,
 Chevrolet , Aveo ,2015," 159,999 ",Manual,14.5,,
 Nissan , NP 300 ,2018," 365,999 ",Manual,9.9,Gasolina,2.4
 Mazda , Cx-3 ,2019," 382,999 ",Automático,15.4,,
 Jeep , Grand Cherokee ,2017," 597,999 ",Automático,9.2,Gasolina,3.6
 Nissan , Versa ,2018," 220,999 ",Manual,16.4,Gasolina,1.6
 Chevrolet , Aveo ,2015," 155,999 ",Manual,14.5,Gasolina,1.6
 Toyota , Prius ,2019," 379,999 ",Automático,31.3,Híbrido,1.5
 Honda , Civic ,2014," 234,999 ",Automático,16.7,Gasolina,1.8
 Nissan , Versa ,2017," 209,999 ",Manual,16.4,Gasolina,1.6
 Kia , Rio ,2019," 271,999 ",Automático,15.6,Gasolina,1.6
 Volkswagen , Golf A7 ,2020," 481,999 ",Automático,17.2,Gasolina,1.4
 Volkswagen , Polo ,2020," 272,999 ",Automático,14.5,Gasolina,1.6
 Volkswagen , Jetta A6 ,2017," 242,999 ",Manual,12.3,Gasolina,2
 Volkswagen , Passat ,2016," 305,999 ",Automático,11.5,Gasolina,2.5
 Mazda , Cx-30 ,2021," 493,999 ",Automático,13.5,Gasolina,3
 Bmw , Serie 3 ,2018," 518,999 ",Automático,12,Gasolina,2
 Ford , Focus ,2017," 279,999 ",Automático,15.2,Gasolina,2
 Volkswagen , Beetle ,2014," 240,999 ",Manual,11.6,Gasolina,2.5
 Smart , Forfour ,2017," 309,999 ",Automático,19.2,,1
 Mercedes Benz , Clase Glc ,2018," 831,999 ",Automático,10.6,,2
 Mini , Cooper ,2015," 282,999 ",Automático,17.5,,1.5
 Kia , Sportage ,2017," 357,999 ",Automático,12.7,,2
 Buick , Encore ,2014," 233,999 ",Automático,13.2,,1.4
 Chevrolet , Aveo ,2017," 183,999 ",Automático,13.3,,1.6
 Volkswagen , Jetta Clasico A4 ,2012," 155,999 ",Manual,12.8,,2
 Cadillac , SRX ,2013," 269,999 ",Automático,9.8,,3.6
 Volkswagen , Vento ,2017," 219,999 ",Manual,13.9,,1.6
 Ford , Fiesta ,2015," 186,999 ",Automático,6.2,,1.6
 Chevrolet , Trax ,2014," 228,999 ",Automático,15.2,,1.8
 Mazda , CX-9 ,2015," 277,999 ",Automático,9.3,,3.7
 Volkswagen , Passat ,2017," 373,999 ",Automático,10.8,,2
 Nissan , March ,2020," 285,999 ",Automático,15.2,,1.6
 Bmw , Serie 3 ,2015," 294,999 ",Automático,12.8,,2
 Buick , Enclave ,2015," 331,999 ",Automático,9.3,,3.6
 Fiat , Mobi ,2018," 209,999 ",Manual,15.2,,1
 Chevrolet , Beat ,2019," 186,999 ",Manual,18.2,,
 Infiniti , QX50 ,2019," 631,999 ",Automático,12.8,Gasolina,2
 Nissan , March ,2020," 244,999 ",Manual,16.1,,
 Chevrolet , Suburban ,2016," 783,999 ",Automático,7.8,,
 Mazda , Cx-3 ,2018," 348,999 ",Automático,15.4,,
 Chevrolet , Aveo ,2016," 178,999 ",Automático,16.7,,
 Suzuki , S-Cross ,2016," 242,999 ",Automático,15.4,,
 Chevrolet , Aveo ,2017," 184,999 ",Manual,17.5,,
 Infiniti , Q60 ,2019,,Automático,10.8,Gasolina,3
 Mazda , Mazda 3 ,2015," 248,999 ",Automático,9.8,Gasolina,2.5
 Honda , CR-V ,2016," 331,999 ",Automático,9.7,,2.4
 Bmw , X5 ,2014," 489,999 ",Automático,5.7,,4.4
 Suzuki , Vitara ,2018," 309,999 ",Automático,16.1,,1.6
 Suzuki , Grand Vitara ,2016," 293,999 ",Automático,11.2,Gasolina,2.4
 Chevrolet , Aveo ,2016," 178,999 ",Manual,14.5,,1.6
 Nissan , Versa ,2017," 195,999 ",Manual,16.4,,1.6
 Mazda , Cx-3 ,2018," 326,999 ",Automático,15.4,,2
 Mercedes Benz , Clase C ,2018," 480,999 ",Automático,13.5,,1.6
 Toyota , Sienna ,2012," 275,999 ",Automático,9.6,,3.5
 Mazda , CX-5 ,2015," 281,999 ",Automático,14.5,,2
 Renault , Captur ,2018," 279,999 ",Automático,12,Gasolina,2
 Honda , Fit ,2016," 203,999 ",Manual,15.9,Gasolina,1.5
 Volvo , S60 ,2014," 322,999 ",Automático,6.9,,3
 Ford , Mustang ,2015," 454,999 ",Automático,8.4,,3.7
 Toyota , Sienna ,2011," 284,999 ",Automático,9.6,,3.5
 Mercedes Benz , Clase C ,2015," 361,999 ",Automático,9.9,,2
 Ford , Edge ,2018," 560,999 ",Automático,8,Gasolina,2
 Dodge , Journey ,2017," 324,999 ",Automático,10.2,Gasolina,2.4
 Toyota , Corolla ,2018,,Manual,9.4,Gasolina,1.8
 Nissan , March ,2018," 222,999 ",Manual,16.1,Gasolina,1.6
 Mazda , CX-5 ,2018," 424,999 ",Automático,14.7,Gasolina,2
 Ford , Explorer ,2013," 309,999 ",Automático,9.3,Gasolina,3.5
 Volkswagen , Jetta Clasico A4 ,2015," 181,999 ",Manual,12.8,,2
 Toyota , Yaris ,2018," 239,999 ",Automático,17.2,,1.5
 Bmw , Serie 1 ,2017," 386,999 ",Automático,7.5,,2
 Mitsubishi , Mirage ,2018," 199,999 ",Automático,20.8,,1.2
 Chevrolet , Sonic ,2016," 189,999 ",Automático,13,,1.6
 Jeep , Grand Cherokee ,2014," 412,999 ",Automático,9.2,,
 Nissan , March ,2020," 243,999 ",Manual,16.1,,1.6
 Kia , Rio ,2018," 258,999 ",Manual,15.6,,1.6
 Suzuki , Grand Vitara ,2013," 217,999 ",Automático,11.2,,2.4
 Hyundai , Accent ,2018," 271,999 ",Automático,16.1,,1.6
 Volkswagen , Jetta A7 ,2020," 359,999 ",Manual,17.2,,1.4
 Fiat , Uno ,2019," 223,999 ",Manual,14.7,,1.4
 Hyundai , Santa Fe ,2018," 486,999 ",Automático,12.3,Gasolina,3.3
 Kia , Rio ,2019," 305,999 ",Automático,15.6,,
 Honda , Odyssey ,2015," 361,999 ",Automático,6.5,Gasolina,3.5
 Nissan , Versa ,2019," 240,999 ",Automático,18.2,Gasolina,1.6
 Ford , Escape ,2018," 393,999 ",Automático,9.8,,2
 Audi , A4 ,2018," 453,999 ",Automático,15.4,Gasolina,2
 Jeep , Cherokee ,2018," 543,999 ",Automático,9.3,Gasolina,3.2
 Ford , Escape ,2016," 286,999 ",Automático,9.8,Gasolina,2.5
 Mazda , CX-9 ,2017," 503,999 ",Automático,9.1,Gasolina,2.5
 Seat , Ibiza ,2019," 297,999 ",Manual,15.9,,1.6
 Dodge , Journey ,2017," 364,999 ",Automático,8.2,,3.6
 Mazda , Mazda 3 ,2018," 336,999 ",Automático,9.8,,2.5
 Hyundai , Tucson ,2016," 325,999 ",Automático,14.5,Gasolina,2
 Audi , A5 Sportback ,2011," 298,999 ",Automático,7.6,,3.2
 Toyota , Yaris ,2017," 245,999 ",Automático,17.2,,1.5
 Land Rover , Range Rover ,2014," 869,999 ",Automático,5.5,,5
 Mercedes Benz , Clase Glc ,2018," 652,999 ",Automático,8.9,,2
 Dodge , Grand Caravan ,2018," 417,999 ",Automático,7.2,,
 Bmw , X1 ,2017," 424,999 ",Automático,11.8,,2
 Kia , Rio ,2019," 289,999 ",Automático,15.6,,
 Ford , Escape ,2016," 278,999 ",Automático,9.8,,
 Volkswagen , Gol ,2019," 229,999 ",Manual,14.9,,
 Seat , Ibiza ,2018," 281,999 ",Manual,15.9,,
 Bmw , Serie 2 ,2016," 327,999 ",Automático,13.2,,
 Ford , Fiesta ,2016," 211,999 ",Automático,6.2,,
 Renault , Kwid ,2019," 234,999 ",Manual,17.5,,
 Mazda , Cx-30 ,2020," 499,999 ",Automático,13.5,Gasolina,2.5
 Nissan , Kicks ,2018," 319,999 ",Automático,16.9,Gasolina,1.6
 Ford , Focus ,2016," 252,999 ",Automático,15.2,,2
 Hyundai , Creta ,2018," 308,999 ",Automático,14.3,,1.6
 Volkswagen , Vento ,2018," 225,999 ",Manual,14.3,,
 Ford , Fiesta ,2017," 224,999 ",Automático,16.1,,
 Volkswagen , Gol ,2018," 209,999 ",Manual,17.9,,
 Volkswagen , Polo ,2020," 281,999 ",Automático,14.5,,
 Dodge , Journey ,2017," 354,999 ",Automático,8.1,,
 Seat , Ibiza ,2019," 336,999 ",Manual,19.2,,1
 Honda , Hr-V ,2016," 290,999 ",Automático,15.2,,1.8
 Chevrolet , Trax ,2018," 332,999 ",Automático,15.2,,1.8
 Audi , Q2 ,2018," 494,999 ",Automático,14.9,,1.4
 Dodge , Journey ,2016," 295,999 ",Automático,10.2,,
 Seat , Ibiza ,2018," 268,999 ",Manual,15.9,,1.6
 Mazda , Mazda 3 ,2016," 268,999 ",Automático,9.8,,2.5
 Mazda , Cx-3 ,2017," 290,999 ",Automático,15.4,,
 Mazda , Mazda 3 ,2021," 531,999 ",Automático,12.7,,
 Mazda , Mazda 3 ,2016," 258,999 ",Automático,9.6,,
 Volkswagen , Polo ,2020," 281,999 ",Manual,15.2,,
 Ford , Lobo ,2018," 914,999 ",Automático,9.3,,
 Toyota , Yaris ,2016," 235,999 ",Automático,17.5,,1.5
 Chevrolet , Sonic ,2016," 175,999 ",Manual,14.5,,1.6
 Ford , Escape ,2013," 237,999 ",Automático,9.8,,2.5
 Volkswagen , Polo ,2020," 285,999 ",Manual,15.2,,1.6
 Ford , Focus ,2015," 195,999 ",Automático,15.2,,2
 Volkswagen , Tiguan ,2019," 486,999 ",Automático,14.9,,1.4
 Kia , Sportage ,2017," 345,999 ",Automático,12.7,,2
 Nissan , Versa ,2018," 266,999 ",Automático,18.5,,1.6
 Volkswagen , Tiguan ,2013," 238,999 ",Automático,14.9,,1.4
 Chevrolet , Trax ,2015," 237,999 ",Automático,15.2,,1.8
 Jeep , Renegade ,2022," 547,999 ",Automático,12.2,,
 Mazda , Mazda 3 ,2016," 260,999 ",Automático,9.6,,
 Honda , City ,2018," 251,999 ",Manual,16.4,,1.5
 Renault , Duster ,2019," 233,999 ",Manual,13.3,,2
 Kia , Sorento ,2018," 385,999 ",Automático,12.8,,2.4
 Dodge , Journey ,2016," 276,999 ",Automático,8.1,,2.4
 Honda , Fit ,2019," 270,999 ",Manual,15.9,,1.5
 Kia , Forte ,2018," 282,999 ",Automático,15.9,,
 Gmc , Terrain ,2017," 407,999 ",Automático,9,,
 Chevrolet , Sonic ,2016," 183,999 ",Manual,14.7,,1.6
 Ford , Figo ,2019," 216,999 ",Manual,17.9,,1.5
 Suzuki , Swift ,2017," 249,999 ",Manual,19.6,,1.4
 Kia , Sorento ,2016," 372,999 ",Automático,9.8,,3.3
 Volkswagen , Polo ,2019," 245,999 ",Manual,15.2,,1.6
 Volkswagen , Beetle ,2016," 288,999 ",Automático,11.2,,
 Kia , Sportage ,2019," 399,999 ",Automático,12.7,,
 Nissan , Sentra ,2020," 381,999 ",Automático,17.2,,
 Chevrolet , Trax ,2020," 377,999 ",Automático,15.2,,
 Toyota , Corolla ,2015," 249,999 ",Automático,15.9,,
 Volkswagen , Jetta A7 ,2019," 338,999 ",Automático,15.9,,
 Kia , Rio ,2018," 252,999 ",Manual,15.2,,1.6
 Volkswagen , Polo ,2019," 228,999 ",Manual,14.5,,1.6
 Kia , Optima ,2018," 329,999 ",Automático,13.3,,2.4
 Suzuki , Swift ,2016," 240,999 ",Manual,14.3,,1.4
 Volkswagen , Gol ,2018," 218,999 ",Manual,17.9,,
 Kia , Rio ,2021," 331,999 ",Manual,15.6,,
 Honda , Civic ,2018," 399,999 ",Automático,17.5,,
 Nissan , Versa ,2018," 264,999 ",Automático,18.5,,
 Chevrolet , Trax ,2019," 301,999 ",Manual,16.9,,
 Audi , Q5 Quattro ,2018," 627,999 ",Automático,11.2,,
 Volkswagen , Tiguan ,2018," 403,999 ",Automático,14.9,,
 Hyundai , Creta ,2018," 350,999 ",Automático,14.3,,1.6
 Hyundai , Elantra ,2018," 328,999 ",Automático,17.5,,
 Nissan , Versa ,2019," 249,999 ",Manual,16.4,,1.6
 Kia , Forte ,2020," 413,999 ",Automático,15.9,,2
 Volkswagen , Tiguan ,2019," 445,999 ",Automático,14.9,,1.4
 Nissan , Sentra ,2016," 218,999 ",Automático,17.2,,1.8
 Kia , Forte ,2019," 318,999 ",Automático,15.9,,2
 Ford , Escape ,2019," 358,999 ",Automático,9.8,,2.5
 Nissan , Sentra ,2017," 222,999 ",Automático,17.2,,1.8
 Chevrolet , Trax ,2016," 226,999 ",Manual,16.9,,1.8
 Hyundai , Creta ,2017," 292,999 ",Automático,14.3,,1.6
 Chevrolet , Trax ,2016," 246,999 ",Automático,15.2,,1.8
 Volkswagen , Vento ,2019," 256,999 ",Automático,14.3,,1.6
 Bmw , X3 ,2015," 388,999 ",Automático,7.8,,3
 Toyota , Yaris ,2018," 248,999 ",Automático,17.2,,1.5
 Renault , Duster ,2018," 226,999 ",Manual,14.9,,2
 Nissan , Altima ,2017," 265,999 ",Automático,15.9,,2.5
 Bmw , X3 ,2015," 409,999 ",Automático,7.8,,3
 Mazda , Mazda 3 ,2018," 327,999 ",Automático,9.8,,2.5
 Volkswagen , Jetta A6 ,2017," 240,999 ",Manual,12.3,,2
 Nissan , Versa ,2018," 211,999 ",Manual,16.4,,1.6
 Chevrolet , Trax ,2018," 273,999 ",Manual,16.9,,1.8
 Audi , A3 ,2019," 441,999 ",Automático,14.3,,1.4
 Volkswagen , Tiguan ,2020," 495,999 ",Automático,14.9,,1.4
 Mazda , Mazda 3 ,2018," 327,999 ",Automático,9.8,,2.5
 Toyota , Corolla ,2015," 226,999 ",Automático,15.9,,
 Volkswagen , Vento ,2020," 260,999 ",Manual,14.3,,1.6
 Nissan , X Trail ,2018," 333,999 ",Automático,13.5,,2.5
 Peugeot , 208 ,2018," 242,999 ",Manual,13.5,,1.6
 Chevrolet , Trax ,2017," 250,999 ",Manual,16.9,,1.8
 Bmw , X3 ,2015," 407,999 ",Automático,7.8,,3
 Volkswagen , Tiguan ,2016," 342,999 ",Automático,9.9,,
 Volkswagen , Jetta A6 ,2018," 290,999 ",Manual,11.6,,
 Kia , Forte ,2020," 361,999 ",Manual,15.6,,
 Gmc , Acadia ,2017," 499,999 ",Automático,9.4,,3.6
 Kia , Sorento ,2016," 358,999 ",Automático,9.8,,3.3
 Hyundai , Tucson ,2016," 341,999 ",Automático,14.5,,2
 Hyundai , Creta ,2018," 316,999 ",Automático,14.3,,
 Ford , Fusion ,2020," 537,999 ",Automático,26.3,,2
 Volkswagen , Vento ,2018," 227,999 ",Manual,14.3,,1.6
 Seat , Ibiza ,2018," 235,999 ",Manual,9.2,,1.6
 Nissan , March ,2020," 249,999 ",Automático,15.2,,1.6
 Chevrolet , Sonic ,2017," 201,999 ",Manual,14.7,,1.6
 Jeep , Grand Cherokee ,2014," 387,999 ",Automático,9.2,,3.6
 Volkswagen , Passat ,2015," 262,999 ",Automático,10.4,,2.5
 Nissan , Versa ,2018," 213,999 ",Automático,18.2,,1.6
 Volkswagen , Polo ,2018," 263,999 ",Automático,16.1,,1.2
 Volkswagen , Polo ,2018," 225,999 ",Manual,15.2,,1.6
 Chevrolet , Trax ,2016," 250,999 ",Automático,15.2,,1.8
 Hyundai , Creta ,2017," 299,999 ",Automático,14.3,,1.6
 Nissan , Sentra ,2018," 248,999 ",Manual,14.3,,1.8
 Nissan , Kicks ,2018," 327,999 ",Automático,17.5,,1.6
 Jeep , Grand Cherokee ,2017," 575,999 ",Automático,9.2,,
 Mazda , MX-5 ,2017," 413,999 ",Automático,13.5,,
 Volkswagen , Vento ,2019," 229,999 ",Manual,14.3,,1.6
 Fiat , 500 ,2015," 304,999 ",Automático,14.5,,1.4
 Ford , Focus ,2016," 250,999 ",Automático,15.2,,2
 Audi , Q3 ,2016," 339,999 ",Automático,12.8,,1.4
 Seat , Leon ,2016," 342,999 ",Automático,12.3,,2
 Chevrolet , Sonic ,2017," 195,999 ",Manual,14.5,,1.6
 Kia , Forte ,2020," 404,999 ",Automático,15.9,,2
 Honda , Odyssey ,2016," 404,999 ",Automático,9.9,,3.5
 Seat , Ibiza ,2017," 273,999 ",Manual,17.5,,1.2
 Seat , Leon ,2016," 272,999 ",Automático,18.2,,1.4
 Ford , Ranger ,2019," 517,999 ",Manual,9,,2.5
 Nissan , X Trail ,2016," 278,999 ",Automático,13.5,,2.5
 Ford , Edge ,2019," 700,999 ",Automático,10,,2.7
 Hyundai , Creta ,2017," 309,999 ",Automático,14.3,,1.6
 Volkswagen , Jetta A6 ,2018," 267,999 ",Manual,12.3,,2
 RAM , Ram 2500 ,2017," 734,999 ",Automático,6.5,,5.7
 Chevrolet , Sonic ,2017," 211,999 ",Automático,13.3,,1.6
 Renault , Duster ,2018," 239,999 ",Automático,12.3,,2
 Ford , Escape ,2017," 333,999 ",Automático,9.8,,2.5
 Buick , Enclave ,2017," 451,999 ",Automático,9.3,,3.6
 Hyundai , Tucson ,2016," 328,999 ",Automático,14.5,,2
 Chevrolet , Sonic ,2016," 187,999 ",Automático,13.3,,1.6
 Renault , Sandero ,2017," 188,999 ",Automático,12,,1.6
 Ford , Figo ,2017," 208,999 ",Automático,17.2,,1.5
 Kia , Soul ,2019," 277,999 ",Manual,14.7,,1.6
 Ford , Escape ,2013," 221,999 ",Automático,9.8,,2.5
 Bmw , Serie 4 ,2015," 385,999 ",Automático,11.4,,2
 Kia , Sorento ,2017," 344,999 ",Automático,12.8,,2.4
 Chevrolet , Trax ,2018," 335,999 ",Automático,15.2,,1.8
 Buick , Enclave ,2018," 687,999 ",Automático,9.3,,3.6
 Bmw , Serie 1 ,2019," 473,999 ",Automático,17.9,,1.5
 Nissan , Sentra ,2015," 194,999 ",Manual,14.3,,1.8
 Mazda , Mazda 6 ,2017," 312,999 ",Automático,14.1,,2.5
 Chevrolet , Spark ,2019," 250,999 ",Automático,18.5,,1.4
 Chevrolet , Trax ,2015," 228,999 ",Automático,15.2,,1.8
 Renault , Duster ,2017," 222,999 ",Manual,14.7,,2
 Mazda , CX-9 ,2015," 290,999 ",Automático,9.3,,3.7
 Kia , Soul ,2018," 255,999 ",Manual,14.7,,1.6
 Kia , Forte ,2018," 284,999 ",Manual,13.2,,2
 Seat , Toledo ,2018," 287,999 ",Automático,15.4,,1.4
 Toyota , Yaris ,2017," 234,999 ",Manual,16.4,,1.5
 Seat , Ibiza ,2016," 240,999 ",Automático,15.9,,1.6
 Nissan , NP 300 ,2020," 419,999 ",Manual,9.1,,2.4
 Honda , Civic ,2018," 358,999 ",Automático,16.7,,2
 Nissan , Kicks ,2017," 292,999 ",Automático,17.5,,1.6
 Suzuki , Ignis ,2019," 263,999 ",Manual,19.6,,1.2
 Land Rover , Range Rover Sport ,2014," 710,999 ",Automático,5.5,,5
 Seat , Leon ,2016," 314,999 ",Automático,14.7,,1.8
 Honda , Hr-V ,2016," 289,999 ",Automático,15.2,,1.8
 Hyundai , Tucson ,2016," 348,999 ",Automático,14.5,,2
 Nissan , Versa ,2019," 264,999 ",Manual,16.4,,1.6
 Volkswagen , Beetle ,2015," 314,999 ",Automático,13,,2
 Ford , Fiesta ,2017," 210,999 ",Manual,16.1,,1.6
 Renault , Stepway ,2018," 249,999 ",Manual,15.2,,1.6
 Volkswagen , Virtus ,2020," 313,999 ",Manual,15.4,,1.6
 Chevrolet , Trax ,2018," 323,999 ",Automático,15.2,,1.8
 Nissan , Sentra ,2017," 229,999 ",Automático,17.2,,1.8
 Mazda , Cx-3 ,2018," 340,999 ",Automático,15.4,,2
 Chevrolet , Sonic ,2017," 209,999 ",Automático,13.3,,1.6
 Kia , Soul ,2019," 276,999 ",Manual,14.7,,1.6
 Nissan , X Trail ,2018," 412,999 ",Automático,13.2,,2.5
 Mercedes Benz , Clase Cla ,2017," 469,999 ",Automático,15.4,,1.6
 Chevrolet , Spark ,2018," 241,999 ",Automático,18.5,,1.4
 Kia , Rio ,2020," 302,999 ",Automático,15.6,,1.6
 Mini , Cooper S ,2019," 655,999 ",Automático,13.3,,2
 Seat , Ibiza ,2018," 266,999 ",Manual,15.9,,1.6
 Suzuki , Kizashi ,2014," 197,999 ",Automático,12.8,,2.4
 Chevrolet , Sonic ,2016," 189,999 ",Automático,13.3,,1.6
 Ford , Explorer ,2017," 539,999 ",Automático,9.3,,3.5
 Mazda , Mazda 3 ,2018," 313,999 ",Automático,9.6,,2.5
 Toyota , C-Hr ,2019," 425,999 ",Automático,14.3,,2
 Honda , Hr-V ,2018," 346,999 ",Automático,15.2,,1.8
 Suzuki , Swift ,2019," 282,999 ",Manual,19.2,,1
 Mazda , CX-5 ,2015," 313,999 ",Automático,14.7,,2
 Chevrolet , Trax ,2017," 298,999 ",Automático,15.2,,1.8
 Ford , Escape ,2017," 329,999 ",Automático,9.8,,2.5
 Hyundai , Creta ,2018," 349,999 ",Automático,14.3,,1.6
 Honda , Hr-V ,2017," 310,999 ",Automático,15.2,,1.8
 Kia , Sportage ,2017," 339,999 ",Automático,12.7,,2
 Kia , Sorento ,2017," 360,999 ",Automático,12.8,,2.4
 Honda , City ,2017," 227,999 ",Manual,16.4,,1.5
 Kia , Rio ,2018," 262,999 ",Manual,15.6,,1.6
 Kia , Rio ,2018," 259,999 ",Manual,15.6,,1.6
 Kia , Sportage ,2019," 387,999 ",Automático,12.7,,2
 Mazda , Cx-3 ,2019," 379,999 ",Automático,15.4,,2
 Nissan , X Trail ,2015," 262,999 ",Automático,13.2,,2.5
 Kia , Forte ,2017," 238,999 ",Manual,15.9,,2
 Chevrolet , Spark ,2017," 212,999 ",Manual,18.5,,1.4
 Gmc , Terrain ,2018," 552,999 ",Automático,9,,2
 Toyota , RAV4 ,2013," 305,999 ",Automático,11.4,,2.5
 Chevrolet , Traverse ,2016," 342,999 ",Automático,9.7,,"3,6"
 Mercedes Benz , Clase C ,2017," 467,999 ",Automático,9.9,,2
 Jaguar , XF ,2015," 556,999 ",Automático,7.5,,3
 Ford , Figo ,2017," 182,999 ",Automático,17.2,,1.5
 Chevrolet , Cavalier ,2019," 272,999 ",Automático,17.5,,1.5
 Mercedes Benz , Clase Gle ,2017," 983,999 ",Automático,9.2,,3
 Chevrolet , Spark ,2017," 211,999 ",Manual,18.5,,1.4
 Volkswagen , Tiguan ,2019," 451,999 ",Automático,14.9,,1.4
 Lincoln , MKX ,2017," 533,999 ",Automático,10.6,,2.7
 Toyota , Yaris ,2018," 274,999 ",Automático,17.5,,1.5
 Audi , A3 ,2019," 491,999 ",Automático,14.3,,1.4
 Honda , Hr-V ,2016," 291,999 ",Automático,15.2,,1.8
 Nissan , Versa ,2019," 238,999 ",Manual,16.4,,1.6
 Volkswagen , Jetta A6 ,2017," 378,999 ",Automático,14.7,,2
 Chevrolet , Sonic ,2017," 211,999 ",Manual,14.7,,1.6
 Volkswagen , Polo ,2018," 253,999 ",Automático,16.1,,1.2
 Kia , Sportage ,2016," 323,999 ",Automático,12.7,,2
 Nissan , Kicks ,2017," 275,999 ",Automático,16.9,,1.6
 Ford , Eco Sport ,2018," 289,999 ",Manual,14.9,,1.5
 Volkswagen , Jetta A6 ,2017," 242,999 ",Manual,12.3,,2
 Seat , Toledo ,2017," 227,999 ",Manual,17.5,,1.2
 Suzuki , S-Cross ,2016," 221,999 ",Automático,15.4,,1.6
 Nissan , Kicks ,2017," 293,999 ",Automático,17.5,,1.6
 Chevrolet , Equinox ,2016," 272,999 ",Automático,9.3,,2.4
 Mercedes Benz , Clase S ,2015," 907,999 ",Automático,7.8,,4.6
 Jeep , Cherokee ,2015," 325,999 ",Automático,9.9,,2.4
 Honda , CR-V ,2016," 307,999 ",Automático,9.7,,2.4
 Honda , Civic ,2018," 350,999 ",Automático,16.7,,2
 Nissan , Sentra ,2018," 250,999 ",Manual,14.3,,1.8
 Kia , Soul ,2018," 264,999 ",Manual,14.7,,1.6
 Kia , Forte ,2017," 241,999 ",Manual,15.9,,2
 Mazda , Mazda 6 ,2017," 309,999 ",Automático,14.1,,2.5
 Honda , Fit ,2018," 256,999 ",Automático,17.9,,1.5
 Volkswagen , Polo ,2020," 290,999 ",Manual,15.2,,1.6
 Lincoln , MKX ,2016," 437,999 ",Automático,10.6,,2.7
 Kia , Forte ,2018," 288,999 ",Manual,13.2,,2
 Dodge , Attitude ,2018," 215,999 ",Manual,20.4,,1.2
 Land Rover , Range Rover Sport ,2015," 730,999 ",Automático,7.5,,3
 Nissan , Kicks ,2017," 276,999 ",Automático,16.9,,1.6
 Toyota , Prius ,2017," 356,999 ",Automático,31.3,,1.8
 Chevrolet , Trax ,2016," 228,999 ",Manual,16.9,,1.8
 Chevrolet , Trax ,2016," 248,999 ",Automático,15.2,,1.8
 Volkswagen , Polo ,2019," 230,999 ",Manual,14.5,,1.6
 Volkswagen , Jetta A7 ,2019," 348,999 ",Automático,15.9,,1.4
 Ford , Fiesta ,2018," 231,999 ",Manual,16.1,,1.6
 Lincoln , MKC ,2015," 348,999 ",Automático,9.5,,2.3
 Ford , Escape ,2018," 372,999 ",Automático,9.8,,2.5
 Honda , CR-V ,2016," 325,999 ",Automático,9.7,,2.4
 Chevrolet , Trax ,2018," 265,999 ",Manual,16.9,,1.8
 Volkswagen , Vento ,2018," 226,999 ",Manual,14.3,,1.6
 Ford , Escape ,2016," 271,999 ",Automático,9.8,,2.5
 Seat , Ibiza ,2018," 260,999 ",Manual,15.9,,1.6
 Hyundai , Creta ,2018," 338,999 ",Automático,14.3,,1.6
 Hyundai , Tucson ,2017," 340,999 ",Automático,14.5,,2
 Volkswagen , Vento ,2020," 259,999 ",Manual,14.3,,1.6
 Ford , Eco Sport ,2017," 264,999 ",Automático,9.6,,2
 Honda , Pilot ,2017," 534,999 ",Automático,9.5,,3.5
 Chevrolet , Cavalier ,2019," 271,999 ",Automático,17.5,,1.5
 Hyundai , Accent ,2018," 287,999 ",Automático,16.1,,1.6
 Nissan , Sentra ,2017," 241,999 , 241,999 ",Automático,17.2,,
 Honda , City ,2019," 278,999 , 278,999 ",Manual,16.4,Gasolina,1.5
 Suzuki , Swift ,2021," 360,999 , 360,999 ",Automático,16.4,Gasolina,1.4
 Mitsubishi , Mirage ,2017," 213,999 , 213,999 ",Automático,20.8,Gasolina,1.2
 Mercedes Benz , Clase A ,2016," 296,999 ",Automático,13.7,,1.6
 Seat , Toledo ,2017," 236,999 , 236,999 ",Manual,17.5,,1.2
 Seat , Arona ,2018," 317,999 , 317,999 ",Automático,14.3,,
 Audi , A3 ,2016," 320,999 ",Automático,11.8,,
 Kia , Forte ,2019," 321,999 ",Automático,6.3,,
 Mazda , Mazda 3 ,2018," 324,999 , 324,999 ",Automático,9.8,,
 Volkswagen , Gol ,2015," 155,999 , 155,999 ",Manual,15.6,,
 Hyundai , Tucson ,2020," 532,999 , 532,999 ",Automático,14.5,,
 Suzuki , Vitara ,2018," 336,999 , 336,999 ",Automático,16.1,,
 Hyundai , Creta ,2017," 291,999 , 291,999 ",Automático,14.3,,
 Renault , Kwid ,2019," 223,999 , 223,999 ",Manual,17.5,,
 Infiniti , QX60 ,2014," 329,999 , 329,999 ",Automático,9.6,,
 Baic , D20 ,2018," 160,999 , 160,999 ",Manual,17.4,,
 Nissan , Versa ,2019," 255,999 , 255,999 ",Manual,16.4,,
 Mazda , Mazda 3 ,2015," 226,999 , 226,999 ",Automático,9.6,,
 Kia , Sportage ,2016," 351,999 , 351,999 ",Automático,12.3,,
 Nissan , X Trail ,2016," 318,999 , 318,999 ",Automático,12.7,Gasolina,2.5
 Toyota , Avanza ,2018," 263,999 , 263,999 ",Automático,13.9,Gasolina,1.5
 Chevrolet , Camaro ,2015," 536,999 , 536,999 ",Automático,8.8,,6.2
 Mercedes Benz , Clase Gla ,2020," 609,999 , 609,999 ",Automático,7.4,,1.6
 Suzuki , Swift ,2018," 280,999 , 280,999 ",Manual,19.2,,1
 Chevrolet , Aveo ,2018," 235,999 , 235,999 ",Automático,16.7,,1.6
 Seat , Ibiza ,2019," 262,999 , 262,999 ",Manual,9.2,,1.6
 Volkswagen , Jetta A7 ,2020," 381,999 , 381,999 ",Automático,15.9,,1.4
 Bmw , X4 ,2020," 945,999 , 945,999 ",Automático,10,,2
 Honda , Hr-V ,2017," 307,999 , 307,999 ",Automático,15.2,,1.8
 Volkswagen , Polo ,2019," 254,999 , 254,999 ",Manual,15.2,,1.6
 Mazda , CX-5 ,2019," 476,999 , 476,999 ",Automático,14.7,,2.5
 Ford , Fiesta ,2016," 196,999 , 196,999 ",Automático,16.1,,1.6
 Hyundai , Creta ,2020," 337,999 , 337,999 ",Manual,14.7,,1.6
 Peugeot , 3008 ,2019," 443,999 , 443,999 ",Automático,10,,1.6
 Jeep , Grand Cherokee ,2014," 407,999 , 407,999 ",Automático,9.2,,3.6
 Kia , Optima ,2016," 281,999 , 281,999 ",Automático,11.9,,2
 Renault , Duster ,2019," 242,999 , 242,999 ",Automático,11.9,,2
 Chevrolet , Cruze ,2016," 187,999 , 187,999 ",Automático,11.5,,1.8
 Kia , Sportage ,2016," 337,999 , 337,999 ",Automático,12.3,,2.4
 Ford , Figo ,2018," 204,999 , 204,999 ",Manual,17.9,,1.5
 Suzuki , Vitara ,2018," 325,999 , 325,999 ",Automático,16.1,,1.6
 Chevrolet , Cavalier ,2020," 259,999 , 259,999 ",Manual,17.5,,1.5
 Ford , Mustang ,2018," 769,999 , 769,999 ",Manual,8,,5
 Fiat , Uno ,2015," 145,999 , 145,999 ",Manual,14.7,,1.4
 Volkswagen , Vento ,2018," 221,999 , 221,999 ",Manual,14.3,,1.6
 Seat , Ibiza ,2018," 282,999 , 282,999 ",Automático,15.9,,
 Toyota , Highlander ,2016," 448,999 , 448,999 ",Automático,9.9,,
 Chevrolet , Spark ,2017," 195,999 , 195,999 ",Manual,18.9,,
 Chevrolet , Aveo ,2018," 187,999 , 187,999 ",Manual,17.5,,
 Kia , Rio ,2018," 234,999 , 234,999 ",Manual,15.6,,
 Chevrolet , Aveo ,2015," 159,999 , 159,999 ",Manual,14.5,,
 Honda , Civic ,2017," 311,999 , 311,999 ",Automático,16.7,,
 Volkswagen , Vento ,2018," 234,999 , 234,999 ",Automático,14.3,,
 Volkswagen , Jetta A6 ,2017," 253,999 , 253,999 ",Manual,12.3,,
 Chevrolet , Traverse ,2020," 768,999 , 768,999 ",Automático,8.7,,
 Ford , Mustang ,2016," 418,999 , 418,999 ",Automático,8.4,,4
 Kia , Sportage ,2018," 416,999 , 416,999 ",Automático,12.3,Gasolina,2
 Nissan , March ,2016," 176,999 , 176,999 ",Manual,16.1,Gasolina,1.6
 Mazda , Mazda 3 ,2020," 399,999 , 399,999 ",Automático,9.8,Gasolina,2.5
 Mitsubishi , L200 ,2018," 392,999 , 392,999 ",Manual,9.1,Gasolina,2.4
 Nissan , Versa ,2017," 198,999 , 198,999 ",Automático,18.2,Gasolina,1.6
 Mazda , Cx-30 ,2021," 515,999 , 515,999 ",Automático,13.5,Gasolina,2.5
 Toyota , Hilux ,2021," 554,999 , 554,999 ",Manual,8.7,Gasolina,2.7
 Nissan , Note ,2014," 164,999 , 164,999 ",Automático,16.7,Gasolina,1.6
 Toyota , Avanza ,2019," 295,999 , 295,999 ",Manual,13.9,Gasolina,1.5
 Kia , Forte ,2020," 305,999 , 305,999 ",Automático,15.9,Gasolina,2
 Toyota , Prius ,2019," 425,999 , 425,999 ",Automático,31.3,Híbrido,1.5
 Bmw , X3 ,2019," 818,999 , 818,999 ",Automático,7.8,Gasolina,2
 Mercedes Benz , Clase C ,2016," 552,999 , 552,999 ",Automático,8.3,,3
 Alfa Romeo , Giulietta ,2019," 526,999 , 526,999 ",Automático,9.3,,1.8
 Chevrolet , Cruze ,2018," 318,999 , 318,999 ",Automático,16.1,,"1,4"
 Hyundai , Accent ,2018," 230,999 , 230,999 ",Manual,15.2,,1.6
 Chevrolet , Camaro ,2017," 693,999 , 693,999 ",Automático,8.8,,6.2
 Nissan , Pathfinder ,2015," 296,999 , 296,999 ",Automático,11,,3.5
 Honda , Hr-V ,2017," 325,999 , 325,999 ",Automático,15.2,,1.8
 Mercedes Benz , Clase Gla ,2018," 464,999 , 464,999 ",Automático,13.5,,1.6
 Kia , Optima ,2017," 316,999 , 316,999 ",Automático,11.9,,2
 Volkswagen , Jetta Clasico A4 ,2015," 187,999 , 187,999 ",Manual,12.8,,2
 Nissan , NP300 Frontier ,2019," 473,999 , 473,999 ",Manual,9.8,,2.5
 Kia , Forte ,2020," 314,999 , 314,999 ",Automático,15.9,,2
 Volkswagen , Jetta A6 ,2017," 265,999 , 265,999 ",Automático,11.8,,2.5
 Seat , Toledo ,2018," 284,999 , 284,999 ",Manual,19.2,,1
 Honda , Hr-V ,2017," 324,999 , 324,999 ",Automático,15.2,,1.8
 Honda , Fit ,2019," 295,999 , 295,999 ",Automático,17.9,,1.5
 Seat , Ibiza ,2017," 282,999 , 282,999 ",Manual,17.5,,1.2
 Chevrolet , Beat ,2018," 170,999 , 170,999 ",Manual,18.2,,1.2
 Nissan , Sentra ,2017," 228,999 , 228,999 ",Manual,14.3,,1.8
 Nissan , X Trail ,2017," 298,999 , 298,999 ",Automático,13.5,,2.5
 Volkswagen , Vento ,2020," 272,999 , 272,999 ",Manual,14.3,,1.6
 Seat , Arona ,2018," 322,999 , 322,999 ",Automático,14.3,,1.6
 Volkswagen , Tiguan ,2012," 222,999 , 222,999 ",Automático,9.9,,2
 Chevrolet , Spark ,2020," 227,999 , 227,999 ",Manual,18.9,Gasolina,1.4
 Mazda , MX-5 ,2019," 406,999 , 406,999 ",Manual,13.5,,
 Volkswagen , Passat ,2015," 253,999 , 253,999 ",Automático,11.5,,
 Bmw , X4 ,2018," 865,999 , 865,999 ",Automático,10.9,,
 Chevrolet , Aveo ,2020," 231,999 , 231,999 ",Manual,17.5,,
 Volkswagen , Gol ,2017," 190,999 , 190,999 ",Manual,17.9,,
 Fiat , 500 ,2016," 252,999 , 252,999 ",Automático,14.3,,
 Ford , Focus ,2016," 247,999 , 247,999 ",Automático,15.2,Gasolina,2
 Renault , Fluence ,2013," 139,999 , 139,999 ",Automático,8.7,Gasolina,2
 Toyota , Prius ,2021," 408,999 , 408,999 ",Automático,28.6,Híbrido,1.5
 Nissan , X Trail ,2018," 411,999 , 411,999 ",Automático,13.2,Gasolina,2.5
 Nissan , NP300 Frontier ,2021," 732,999 , 732,999 ",Automático,9.7,Gasolina,2.4
 Seat , Ibiza ,2017," 221,999 , 221,999 ",Automático,15.9,,
 Seat , Ibiza ,2018," 273,999 , 273,999 ",Manual,15.9,,1.6
 Chevrolet , Aveo ,2018," 208,999 , 208,999 ",Manual,17.5,,1.6
 Kia , Rio ,2018," 258,999 , 258,999 ",Automático,15.6,,1.6
 Hyundai , Tucson ,2016," 302,999 , 302,999 ",Automático,14.5,,2
 Mini , Cooper S ,2019," 501,999 , 501,999 ",Automático,13.3,,
 Volkswagen , Jetta A7 ,2019," 333,999 , 333,999 ",Manual,17.2,,
 Seat , Leon ,2016," 260,999 , 260,999 ",Manual,16.9,,
 Honda , Hr-V ,2017," 315,999 , 315,999 ",Automático,15.2,,
 Bmw , Serie 4 ,2014," 422,999 , 422,999 ",Automático,9,,
 Jeep , Renegade ,2020," 446,999 , 446,999 ",Automático,12.2,,
 Toyota , RAV4 ,2020," 534,999 , 534,999 ",Automático,13.9,,
 Toyota , Camry ,2017," 344,999 , 344,999 ",Automático,15.4,,2.5
 Ford , Escape ,2016," 309,999 , 309,999 ",Automático,9.8,Gasolina,2
 Mini , Cooper S ,2018," 437,999 , 437,999 ",Automático,13.3,Gasolina,2
 Seat , Ibiza ,2018," 282,999 , 282,999 ",Automático,15.9,Gasolina,1.6
 Mini , Cooper ,2019," 445,999 , 445,999 ",Automático,17.5,Gasolina,1.5
 Seat , Leon ,2015," 231,999 , 231,999 ",Automático,17.9,Gasolina,1.4
 Toyota , Camry ,2012," 192,999 , 192,999 ",Automático,15.4,Gasolina,2.5
 Chevrolet , Aveo ,2018," 180,999 , 180,999 ",Manual,17.5,,1.6
 Mazda , Mazda 6 ,2019," 405,999 , 405,999 ",Automático,14.1,,2.5
 Nissan , Kicks ,2018," 309,999 , 309,999 ",Automático,16.9,,1.6
 Ford , Figo ,2018," 196,999 , 196,999 ",Manual,17.9,,1.5
 Chrysler , Town & Country ,2016," 370,999 , 370,999 ",Automático,7.8,,4
 Volkswagen , Jetta A6 ,2017," 265,999 , 265,999 ",Manual,11.6,,
 Hyundai , Accent ,2020," 271,999 , 271,999 ",Manual,16.7,,
 Mini , Cooper ,2017," 374,999 , 374,999 ",Automático,17.5,,
 Toyota , Corolla ,2020," 351,999 , 351,999 ",Automático,15.9,,
 Kia , Soul ,2019," 279,999 , 279,999 ",Manual,14.7,,
 Chevrolet , Cavalier ,2018," 233,999 , 233,999 ",Manual,17.5,,
 Mazda , Cx-3 ,2019," 370,999 , 370,999 ",Automático,15.4,,
 Seat , Leon ,2019," 401,999 , 401,999 ",Manual,9.3,,
 Toyota , Yaris ,2020," 286,999 , 286,999 ",Automático,17.2,,
 Ford , Escape ,2019," 390,999 , 390,999 ",Automático,9.8,,
 Toyota , Avanza ,2017," 240,999 , 240,999 ",Automático,13.9,,
 Mercedes Benz , Clase A ,2014," 331,999 , 331,999 ",Automático,15.4,,
 Mazda , Cx-3 ,2016," 306,999 , 306,999 ",Automático,15.4,,2
 Nissan , Versa ,2018," 221,999 , 221,999 ",Automático,18.2,,1.6
 Honda , City ,2016," 200,999 , 200,999 ",Automático,18.2,,1.5
 Chevrolet , Spark ,2015," 159,999 , 159,999 ",Manual,18.5,,1.2
 Audi , A3 ,2015," 274,999 , 274,999 ",Automático,14.3,,1.4
 Hyundai , Creta ,2017," 287,999 , 287,999 ",Automático,14.3,,1.6
 Toyota , Prius ,2019," 347,999 , 347,999 ",Automático,28.6,28.6,1.5
 Seat , Ibiza ,2019," 297,999 , 297,999 ",Manual,15.9,,1.6
 Mazda , Mazda 3 ,2016," 264,999 , 264,999 ",Automático,9.8,,2.5
 Chevrolet , Cruze ,2016," 201,999 , 201,999 ",Automático,17.2,,1.8
 Jeep , Compass ,2015," 274,999 , 274,999 ",Automático,12.3,,2.4
 Chevrolet , Aveo ,2017," 186,999 , 186,999 ",Manual,14.5,,1.6
 Chevrolet , Aveo ,2018," 200,999 , 200,999 ",Manual,17.5,,
 Chevrolet , Aveo ,2017," 188,999 , 188,999 ",Automático,13.3,,
 Audi , Q3 ,2018," 499,999 , 499,999 ",Automático,12.8,,
 Nissan , X Trail ,2018," 436,999 , 436,999 ",Automático,13.2,,
 Volkswagen , Vento ,2017," 204,999 , 204,999 ",Automático,14.3,,
 Toyota , Avanza ,2021," 356,999 , 356,999 ",Manual,13.9,,
 Mazda , CX-5 ,2019," 499,999 , 499,999 ",Automático,10,,
 Mazda , Mazda 3 ,2020," 402,999 , 402,999 ",Automático,9.8,,
 Nissan , X Trail ,2015," 253,999 , 253,999 ",Automático,13.5,,
 Audi , A3 ,2017," 459,999 , 459,999 ",Automático,11,,
 Chevrolet , Cavalier ,2018," 260,999 , 260,999 ",Automático,16.7,,
 Seat , Ibiza ,2016," 215,999 , 215,999 ",Manual,17.2,,
 Honda , CR-V ,2019," 468,999 , 468,999 ",Automático,9.7,,
 Bmw , X1 ,2019," 566,999 , 566,999 ",Automático,11.8,,
 Chevrolet , Beat ,2019," 169,999 , 169,999 ",Manual,18.2,,
 Kia , Seltos ,2020," 396,999 , 396,999 ",Manual,14.6,,
 Seat , Leon ,2020," 545,999 , 545,999 ",Automático,12.3,,
 Ford , Edge ,2012," 239,999 , 239,999 ",Automático,9.7,,
 Ford , Focus ,2015," 240,999 , 240,999 ",Automático,15.2,Gasolina,2
 Kia , Sportage ,2019," 482,999 , 482,999 ",Automático,12.3,Gasolina,2.4
 Mazda , Mazda 3 ,2019," 338,999 , 338,999 ",Automático,9.8,Gasolina,2.5
 Renault , Kwid ,2019," 232,999 , 232,999 ",Manual,17.5,Gasolina,1
 Kia , Rio ,2020," 284,999 , 284,999 ",Automático,15.6,Gasolina,1.6
 Nissan , March ,2017," 187,999 , 187,999 ",Automático,15.2,Gasolina,1.6
 Nissan , Sentra ,2013," 175,999 , 175,999 ",Automático,17.2,Gasolina,1.8
 Kia , Rio ,2021," 315,999 , 315,999 ",Manual,15.6,Gasolina,1.6
 Toyota , Prius ,2018," 382,999 ",Automático,31.3,Híbrido,1.8
 Nissan , Versa ,2020," 321,999 , 321,999 ",Automático,18.2,Gasolina,1.6
 Mercedes Benz , Clase C ,2018," 597,999 , 597,999 ",Automático,13.5,Gasolina,1.6
 Jeep , Renegade ,2021," 513,999 , 513,999 ",Automático,12.2,Gasolina,1.8
 Toyota , Prius ,2020," 419,999 , 419,999 ",Automático,31.3,Híbrido,1.8
 Mazda , Cx-3 ,2018," 366,999 , 366,999 ",Automático,15.4,Gasolina,2
 Chevrolet , Beat ,2018," 156,999 , 156,999 ",Manual,18.2,Gasolina,1.2
 Suzuki , Ertiga ,2020," 320,999 , 320,999 ",Automático,15.4,Gasolina,1.5
 Seat , Arona ,2019," 334,999 , 334,999 ",Automático,14.3,Gasolina,1.6
 Kia , Forte ,2020," 343,999 , 343,999 ",Automático,15.9,Gasolina,2
 Chevrolet , Beat ,2021," 210,999 , 210,999 ",Manual,18.2,,1.2
 Kia , Forte ,2019," 290,999 , 290,999 ",Manual,15.9,,2
 Seat , Ibiza ,2019," 324,999 , 324,999 ",Manual,19.2,,1
 Dodge , Neon ,2018," 261,999 , 261,999 ",Automático,13.3,,1.6
 Honda , Hr-V ,2017," 310,999 , 310,999 ",Manual,13.5,,1.8
 Toyota , Sienna ,2015," 393,999 , 393,999 ",Automático,9.6,,3.5
 Chevrolet , Aveo ,2016," 169,999 , 169,999 ",Automático,16.7,,1.6
 Nissan , Sentra ,2015," 218,999 , 218,999 ",Automático,17.2,,
 Mazda , CX-5 ,2018," 464,999 , 464,999 ",Automático,10,,
 Chevrolet , Spark ,2015," 130,999 , 130,999 ",Manual,17.9,,
 Volkswagen , Jetta A7 ,2019," 412,999 , 412,999 ",Automático,15.9,,
 Volkswagen , Tiguan ,2019," 486,999 , 486,999 ",Automático,14.9,,
 Nissan , March ,2017," 190,999 , 190,999 ",Automático,15.2,Gasolina,1.6
 Nissan , X Trail ,2017," 340,999 , 340,999 ",Automático,13.2,,
 Hyundai , Grand i10 ,2019," 214,999 , 214,999 ",Manual,17.5,,
 Nissan , Sentra ,2017," 273,999 , 273,999 ",Manual,13.3,,
 Mercedes Benz , Clase Gla ,2016," 374,999 , 374,999 ",Automático,13.5,,
 Mercedes Benz , Clase C ,2017," 467,999 , 467,999 ",Automático,9.9,,
 Volkswagen , Vento ,2018," 210,999 , 210,999 ",Manual,14.3,,
 Volkswagen , Vento ,2020," 252,999 , 252,999 ",Manual,14.3,Gasolina,1.6
 Kia , Forte ,2021," 343,999 , 343,999 ",Automático,15.9,Gasolina,2
 Chevrolet , Tracker ,2021," 463,999 , 463,999 ",Automático,15.2,Gasolina,1.2
 Ford , Focus ,2015," 217,999 , 217,999 ",Automático,15.2,Gasolina,2
 Lincoln , MKC ,2017," 457,999 , 457,999 ",Automático,9.5,Gasolina,2.3
 Honda , City ,2017," 251,999 , 251,999 ",Automático,18.2,,1.5
 Toyota , Sienna ,2017," 588,999 , 588,999 ",Automático,9.6,,3.5
 Nissan , Versa ,2017," 194,999 , 194,999 ",Manual,16.4,,1.6
 Bmw , X1 ,2018," 501,999 , 501,999 ",Automático,11.8,,1.5
 Volkswagen , Tiguan ,2019," 502,999 , 502,999 ",Automático,14.9,,1.4
 Volkswagen , Vento ,2020," 244,999 , 244,999 ",Manual,14.3,,1.6
 Volkswagen , Tiguan ,2017," 355,999 , 355,999 ",Automático,14.1,,1.4
 Mercedes Benz , Clase Glc ,2019," 989,999 , 989,999 ",Automático,8.9,,3
 Mazda , Mazda 2 ,2019," 295,999 , 295,999 ",Automático,18.5,,1.5
 Nissan , Versa ,2018," 220,999 , 220,999 ",Automático,18.2,,
 Fiat , 500 ,2014," 191,999 , 191,999 ",Manual,15.9,,
 Suzuki , Grand Vitara ,2013," 214,999 , 214,999 ",Automático,11.2,,
 Hyundai , Creta ,2017," 292,999 , 292,999 ",Automático,14.3,,
 Volkswagen , Tiguan ,2019," 497,999 , 497,999 ",Automático,14.9,,
 Nissan , X Trail ,2015," 242,999 , 242,999 ",Automático,13.5,,
 Nissan , NP300 Frontier ,2017," 387,999 , 387,999 ",Manual,9.8,,
 Kia , Rio ,2018," 296,999 , 296,999 ",Automático,15.6,,
 Seat , Ibiza ,2020," 340,999 , 340,999 ",Automático,15.9,,
 Audi , Q5 Quattro ,2020," 774,999 , 774,999 ",Automático,11.2,,
 Nissan , X Trail ,2019," 415,999 , 415,999 ",Automático,13.2,,
 Nissan , X Trail ,2015," 303,999 , 303,999 ",Automático,13.2,,
 Suzuki , Ertiga ,2022," 401,999 , 401,999 ",Automático,15.4,,
 Bmw , X4 ,2018," 763,999 , 763,999 ",Automático,10,,
 Mazda , Mazda 5 ,2013," 204,999 , 204,999 ",Automático,11.5,,
 Chevrolet , Beat ,2019," 192,999 , 192,999 ",Manual,18.2,,
 Jeep , Grand Cherokee ,2015," 453,999 , 453,999 ",Automático,9.2,,
 Ford , Escape ,2016," 315,999 , 315,999 ",Automático,9.8,,
 Mini , Cooper ,2018," 376,999 , 376,999 ",Automático,17.5,,
 Mazda , Cx-7 ,2012," 186,999 , 186,999 ",Automático,11.2,,
 Volkswagen , Jetta A6 ,2016," 275,999 , 275,999 ",Automático,11.8,,
 Mercedes Benz , Clase Gla ,2016," 385,999 , 385,999 ",Automático,13.5,,
 Volkswagen , Jetta A6 ,2017," 255,999 , 255,999 ",Automático,11.8,,2.5
 Seat , Freetrack ,2013," 195,999 , 195,999 ",Automático,9.6,,2
 Volkswagen , Teramont ,2019," 730,999 , 730,999 ",Automático,9,,3.6
 Honda , Hr-V ,2016," 293,999 , 293,999 ",Automático,15.2,,1.8
 Volkswagen , Beetle ,2017," 325,999 , 325,999 ",Automático,11.6,,2.5
 Suzuki , Swift ,2020," 317,999 , 317,999 ",Automático,19.2,,1
 Honda , Civic ,2014," 211,999 , 211,999 ",Manual,11.2,,
 Ford , Fiesta ,2015," 181,999 , 181,999 ",Manual,16.1,,
 Volkswagen , Polo ,2020," 322,999 , 322,999 ",Automático,14.5,,
 Chevrolet , Aveo ,2018," 188,999 , 188,999 ",Manual,17.5,,
 Fiat , 500 ,2015," 223,999 , 223,999 ",Manual,15.9,,
 Subaru , XV ,2020," 456,999 , 456,999 ",Automático,14.7,,
 Chevrolet , Beat ,2021," 228,999 , 228,999 ",Manual,18.2,,1.2
 Volkswagen , Beetle ,2016," 288,999 , 288,999 ",Manual,11.6,,2.5
 Volkswagen , Tiguan ,2014," 267,999 , 267,999 ",Automático,14.9,,1.4
 Jeep , Grand Cherokee ,2021," 1,023,999 , 1,023,999 ",Automático,7,,5.7
 Volkswagen , Vento ,2020," 260,999 , 260,999 ",Manual,14.3,,1.6
 Nissan , X Trail ,2018," 425,999 , 425,999 ",Automático,17.2,,2
 Volvo , S60 ,2020," 613,999 , 613,999 ",Automático,10.2,,2
 Renault , Duster ,2017," 222,999 , 222,999 ",Manual,14.7,,2
 Nissan , March ,2020," 250,999 , 250,999 ",Automático,15.2,,1.6
 Volkswagen , Beetle ,2015," 248,999 , 248,999 ",Manual,11.6,,2.5
 Mazda , CX-5 ,2014," 261,999 , 261,999 ",Automático,14.5,,2
 Renault , Duster ,2015," 180,999 , 180,999 ",Automático,12.7,,2
 Nissan , Sentra ,2017," 225,999 , 225,999 ",Manual,14.3,,1.8
 Gmc , Terrain ,2015," 313,999 , 313,999 ",Automático,9,,3.6
 Ford , Figo ,2020," 236,999 , 236,999 ",Manual,17.9,,1.5
 Honda , Odyssey ,2017," 490,999 , 490,999 ",Automático,9.9,,3.5
 Chevrolet , Cruze ,2018," 277,999 , 277,999 ",Automático,17.2,,1.4
 Infiniti , Q70 ,2016," 429,999 , 429,999 ",Automático,9.9,,3.7
 Chevrolet , Beat ,2020," 204,999 , 204,999 ",Manual,18.2,,
 Subaru , Impreza ,2015," 254,999 , 254,999 ",Automático,15.2,Gasolina,2
 Jeep , Wrangler ,2018," 879,999 , 879,999 ",Automático,6.7,,3.6
 Mazda , Mazda 3 ,2016," 254,999 , 254,999 ",Manual,14.9,,2
 Bmw , X3 ,2017," 480,999 , 480,999 ",Automático,12.7,,2
 Cadillac , XT5 ,2018," 584,999 , 584,999 ",Automático,9.8,,3.6
 Kia , Sorento ,2016," 309,999 , 309,999 ",Automático,12.8,,2.4
 Peugeot , 5008 ,2019," 521,999 , 521,999 ",Automático,18.2,,2
 Volkswagen , Jetta A7 ,2019," 314,999 , 314,999 ",Manual,17.2,,1.4
 Mercedes Benz , Clase C ,2018," 525,999 , 525,999 ",Automático,9.9,,2
 Chevrolet , Beat ,2019," 192,999 , 192,999 ",Manual,18.2,,1.2
 Dodge , Journey ,2017," 365,999 , 365,999 ",Automático,8.2,,
 Nissan , X Trail ,2019," 368,999 , 368,999 ",Automático,13.5,,
 Honda , Pilot ,2016," 453,999 , 453,999 ",Automático,9.5,,
 Volkswagen , Jetta A6 ,2016," 225,999 , 225,999 ",Automático,12.7,,
 Chevrolet , Beat ,2019," 174,999 , 174,999 ",Manual,18.2,,
 Jeep , Grand Cherokee ,2020," 672,999 , 672,999 ",Automático,9.2,,
 Renault , Duster ,2017," 198,999 , 198,999 ",Automático,12.3,,
 Chevrolet , Beat ,2020," 193,999 , 193,999 ",Manual,18.2,,
 Bmw , X4 ,2018," 676,999 , 676,999 ",Automático,12.7,,
 Audi , A3 ,2016," 348,999 , 348,999 ",Automático,11.8,,
 Chevrolet , Aveo ,2020," 256,999 , 256,999 ",Automático,16.7,,
 Hyundai , Starex ,2020," 468,999 , 468,999 ",Manual,10,,
 Toyota , Hilux ,2018," 504,999 , 504,999 ",Manual,12.7,,
 Ford , Mustang ,2016," 577,999 , 577,999 ",Automático,8.3,Gasolina,5
 Nissan , Sentra ,2017," 264,999 , 264,999 ",Automático,16.7,,1.8
 Volkswagen , Tiguan ,2019," 581,999 , 581,999 ",Automático,14.9,,1.4
 Ford , Fiesta ,2016," 226,999 , 226,999 ",Automático,16.1,,1.6
 Nissan , NP300 Frontier ,2016," 355,999 , 355,999 ",Manual,9.8,,2.4
 Hyundai , Accent ,2020," 264,999 , 264,999 ",Manual,16.7,,1.6
 Renault , Koleos ,2018," 390,999 , 390,999 ",Automático,13.2,,2.5
 Chrysler , Town & Country ,2012," 230,999 , 230,999 ",Automático,8.3,,4
 Chevrolet , Sonic ,2017," 205,999 , 205,999 ",Automático,13.3,,1.6
 Volkswagen , Jetta A7 ,2019," 354,999 , 354,999 ",Manual,17.2,,1.4
 Mini , Cooper S ,2016," 315,999 , 315,999 ",Manual,13.3,,2
 Mini , Cooper S ,2016," 330,999 , 330,999 ",Automático,13.3,,2
 Jaguar , XE ,2016," 660,999 , 660,999 ",Automático,8.6,,3
 Mazda , Cx-3 ,2019," 350,999 , 350,999 ",Automático,15.4,,2
 Volkswagen , Gol ,2018," 208,999 , 208,999 ",Automático,18.5,,1.6
 Volkswagen , Jetta A7 ,2019," 424,999 , 424,999 ",Automático,15.9,,1.4
 Nissan , NP300 Frontier ,2019," 465,999 , 465,999 ",Manual,9.8,,2.5
 Honda , CR-V ,2015," 312,999 , 312,999 ",Automático,9.7,,2.4
 Toyota , Prius ,2018," 334,999 , 334,999 ",Automático,28.6,,1.8
 Kia , Soul ,2017," 243,999 , 243,999 ",Automático,14.3,,1.6
 Volkswagen , Polo ,2019," 237,999 , 237,999 ",Manual,14.5,,1.6
 Mg , Hs ,2022," 603,999 , 603,999 ",Automático,10.2,,
 Audi , Q7 Quattro ,2017," 703,999 , 703,999 ",Automático,9.7,,
 Mercedes Benz , Clase Cla ,2015," 357,999 , 357,999 ",Automático,15.4,,
 Gmc , Yukon ,2019," 921,999 , 921,999 ",Automático,7.6,,6.2
 Volkswagen , Vento ,2019," 247,999 , 247,999 ",Manual,14.3,,1.6
 Honda , Odyssey ,2019," 700,999 , 700,999 ",Automático,9.9,,
 Volkswagen , Jetta A6 ,2017," 243,999 , 243,999 ",Automático,12.7,,2
 Volkswagen , Polo ,2017," 220,999 , 220,999 ",Automático,13.3,,1.6
 Jeep , Renegade ,2019," 429,999 , 429,999 ",Automático,12.2,,
 Honda , Accord ,2014," 238,999 , 243,999 ",Automático,9.9,,2.4
 Hyundai , Elantra ,2018," 328,999 , 328,999 ",Automático,17.5,,2
 Audi , A1 ,2016," 311,999 , 311,999 ",Manual,15.6,,
 Ford , Focus ,2015," 214,999 , 214,999 ",Automático,15.2,,
 Mercedes Benz , Clase Cla ,2017," 559,999 , 559,999 ",Automático,11.1,,
 Ford , Explorer ,2016," 465,999 , 465,999 ",Automático,9.3,,
 Chevrolet , Silverado 1500 V6 ,2015," 418,999 , 418,999 ",Automático,8.7,Gasolina,5.3
 Volvo , XC60 ,2018," 674,999 , 674,999 ",Automático,9.7,Gasolina,2
 Toyota , Yaris ,2013," 169,999 , 169,999 ",Automático,17.2,Gasolina,1.5
 Volkswagen , Polo ,2014," 244,999 , 244,999 ",Automático,15.4,Gasolina,1.4
 Dodge , Dart ,2015," 184,999 , 184,999 ",Automático,12,Gasolina,2.4
 Mazda , Mazda 2 ,2014," 159,999 , 159,999 ",Automático,14.5,Gasolina,1.5
 Nissan , March ,2017," 158,999 , 158,999 ",Manual,14.9,Gasolina,1.6
 Mini , Cooper ,2013," 223,999 , 223,999 ",Manual,17.5,Gasolina,"1,6"
 Peugeot , 308 ,2016," 247,999 , 247,999 ",Automático,11.4,,1.6
 Hyundai , Grand i10 ,2017," 200,999 , 200,999 ",Automático,17.2,,1.2
 Honda , Civic ,2019," 427,999 , 427,999 ",Automático,17.5,,1.5
 Cadillac , Escalade ,2016," 813,999 , 813,999 ",Automático,7.6,,6.2
 Chevrolet , Malibu ,2013," 207,999 , 207,999 ",Automático,13.3,,2.5
 Mazda , MX-5 ,2017," 358,999 , 358,999 ",Manual,13.5,,2
 Volkswagen , Gol ,2016," 178,999 , 178,999 ",Automático,17.9,,1.6
 Chevrolet , Beat ,2019," 159,999 , 159,999 ",Manual,18.2,,1.2
 Mercedes Benz , Clase A ,2014," 315,999 , 315,999 ",Automático,15.4,,1.6
 Chevrolet , Beat ,2018," 150,999 , 150,999 ",Manual,18.2,,
 Honda , Civic ,2017," 602,999 , 602,999 ",Manual,11.6,,2
 Fiat , Uno ,2018," 186,999 , 186,999 ",Manual,14.7,,1.4
 Honda , Odyssey ,2011," 262,999 , 262,999 ",Automático,9.9,,3.5
 Renault , Logan ,2017," 152,999 , 152,999 ",Automático,11.9,,
 Volkswagen , Beetle ,2011," 153,999 , 153,999 ",Manual,12,,
 Mini , Cooper ,2020," 499,999 , 499,999 ",Automático,17.5,,
 Acura , TSX ,2012," 172,999 , 172,999 ",Automático,10.8,,
 Nissan , Versa ,2019," 234,999 , 234,999 ",Manual,16.4,,
 Nissan , Versa ,2014," 158,999 , 158,999 ",Automático,5.5,,
 Toyota , Highlander ,2020," 767,999 , 767,999 ",Automático,10.1,,
 Chevrolet , Aveo ,2018," 185,999 , 185,999 ",Manual,17.5,Gasolina,1.6
 Mitsubishi , L200 ,2016," 322,999 , 322,999 ",Manual,9.1,Gasolina,2.4
 Volvo , S60 ,2012," 246,999 , 246,999 ",Automático,6.9,,3
 Toyota , Highlander ,2014," 407,999 , 407,999 ",Automático,9.9,,3.5
 Renault , Duster ,2018," 252,999 , 252,999 ",Automático,12.7,,2
 Mazda , CX-5 ,2019," 474,999 , 474,999 ",Automático,14.7,,
 Nissan , Note ,2016," 181,999 , 181,999 ",Manual,15.4,,1.6
 Seat , Toledo ,2016," 211,999 , 211,999 ",Automático,14.7,,1.6
 Volkswagen , Polo ,2017," 208,999 , 208,999 ",Manual,15.2,,1.6
 Volkswagen , Vento ,2020," 235,999 ",Manual,14.3,,
 Chevrolet , Aveo ,2016," 174,999 , 174,999 ",Manual,14.5,,
 Audi , A3 ,2014," 264,999 , 264,999 ",Automático,11.8,,
 Land Rover , Range Rover Evoque ,2012," 365,999 , 365,999 ",Automático,8.4,,2
 Nissan , March ,2014," 158,999 , 158,999 ",Manual,14.9,Gasolina,1.6
 Chevrolet , Beat ,2018," 169,999 , 169,999 ",Manual,18.2,,1.2
 Volkswagen , Polo ,2018," 216,999 , 216,999 ",Manual,15.2,,1.6
 Hyundai , Grand i10 ,2018," 231,999 , 231,999 ",Automático,16.7,,1.2
 Dodge , Attitude ,2016," 162,999 , 162,999 ",Automático,20.4,,
 Chevrolet , Aveo ,2017," 191,999 , 191,999 ",Manual,17.5,,
